{
    "id": "harrypotter_ttrpg",
    "title": "Harry Potter The Roleplaying Game",
    "description": "Harry Potter The Roleplaying Game is the most complete wizarding world RPG ever. Board the Hogwarts Express as a young wizard embarking on their first year at Hogwarts School of Witchcraft and Wizardry, or boost your character's skills and spells to play an older student with more powerful magic at their fingertips. You can even bypass Hogwarts altogether and jump straight into a wizarding career.",
    "version": "0.0.2",
    "compatibility": {
      "minimum": "10",
      "verified": "10.290",
      "maximum": "10"
    },
    "authors": [
      {
        "name": "Имон",
        "discord": "Deel#7147",
        "flags": {}
      }
    ],
    "relationships": [],
    "esmodules": ["main.js"],
    "styles": [
     "main.css"
    ],
    "languages": [ {
      "lang": "ru",
      "name": "Русский",
      "path": "lang/ru.json",
      "flags": {}
    },
    {
      "lang": "en",
      "name": "English",
      "path": "lang/en.json",
      "flags": {}
    }],
    "gridDistance": 2,
    "gridUnits": "m",
	"url": "https://raw.githubusercontent.com/deelorig/harrypotter_ttrpg/",
	"manifest": "https://raw.githubusercontent.com/deelorig/harrypotter_ttrpg/main/system.json",
	"download": "https://github.com/deelorig/harrypotter_ttrpg/blob/61a427541d9bb7c9cd555e48d42f26b3a793d3c3/harrypotter_ttrpg.zip?raw=true"
  }